variant,scope,n,spearman,ci_low,ci_high
adjusted,pooled,5904,0.0822216058844567,0.05402744442622718,0.10933718044834191
adjusted,2021/22,1555,0.16806181980113913,0.12037189283996008,0.21758190454244322
adjusted,2022/23,1510,0.04982577548006676,-0.0017136608818514932,0.100242659381646
adjusted,2023/24,1445,0.07061787746964274,0.022819832189091362,0.1227501281913968
adjusted,2024/25,1394,0.027498172313539668,-0.024613090913952595,0.08321311497313336
raw,pooled,5904,0.08018911640387354,0.051814053116155175,0.10736628825460416
raw,2021/22,1555,0.16806181980113913,0.12037189283996008,0.21758190454244322
raw,2022/23,1510,0.04982577548006676,-0.0017136608818514932,0.100242659381646
raw,2023/24,1445,0.07061787746964274,0.022819832189091362,0.1227501281913968
raw,2024/25,1394,0.027498172313539668,-0.024613090913952595,0.08321311497313336
