variant,scope,term,n,coef,ci_low,ci_high
adjusted,pooled,flag_under,5904,0.12953855166664655,0.08679961109293831,0.17381851558833503
adjusted,pooled,flag_over,5904,-0.03330290805856475,-0.06798439824010277,-0.0010871414299776583
adjusted,pooled,log_value_now,5904,-0.02699112643378102,-0.03820751614276853,-0.014799621539850438
adjusted,2021/22,flag_under,1555,0.17179663233350762,0.09174976946837424,0.24972380827391125
adjusted,2021/22,flag_over,1555,-0.040078230918450634,-0.0981426434650553,0.020537274686276228
adjusted,2021/22,log_value_now,1555,-7.705571159186131e-05,-0.023647249099681217,0.020918379213906584
adjusted,2022/23,flag_under,1510,0.1574125694825979,0.05924459881212124,0.25245168118632305
adjusted,2022/23,flag_over,1510,-0.014230207775584239,-0.0788520944335941,0.05464059749860901
adjusted,2022/23,log_value_now,1510,-0.008865803270183267,-0.03343113637649042,0.013469068199742895
adjusted,2023/24,flag_under,1445,0.07112267642813465,-0.028534940734603064,0.18077262492683796
adjusted,2023/24,flag_over,1445,-0.044939471259554414,-0.1202172100991618,0.027462481021006423
adjusted,2023/24,log_value_now,1445,-0.036868232751911915,-0.061521237757999406,-0.015416185686146612
adjusted,2024/25,flag_under,1394,0.09351107688662055,0.0035532660622746392,0.19443075774323978
adjusted,2024/25,flag_over,1394,-0.051336015711226334,-0.13066418602884597,0.02376308724040478
adjusted,2024/25,log_value_now,1394,-0.06725572195767145,-0.09245947299764055,-0.041287659545557465
raw,pooled,flag_under,5904,0.13799638230656547,0.08629670039673935,0.19067660228744165
raw,pooled,flag_over,5904,-0.04848292022672779,-0.08164753620453354,-0.01843525224106837
raw,pooled,log_value_now,5904,-0.02544600623371956,-0.03693797312348603,-0.013427217329815916
raw,2021/22,flag_under,1555,0.1719365516728719,0.09020553039280994,0.25440173579601383
raw,2021/22,flag_over,1555,-0.04383050482233765,-0.10242057574800897,0.01895078723378804
raw,2021/22,log_value_now,1555,0.0003967553783990155,-0.022866266714955223,0.02168169156472801
raw,2022/23,flag_under,1510,0.14925023990693445,0.03698461118018556,0.26836790868509336
raw,2022/23,flag_over,1510,-0.025022721781523122,-0.08736621070329578,0.03915340947191971
raw,2022/23,log_value_now,1510,-0.010904896653962793,-0.034989910693259504,0.011533927134948711
raw,2023/24,flag_under,1445,0.0832178202867228,-0.03804373222142213,0.22403615343733022
raw,2023/24,flag_over,1445,-0.06455390366810625,-0.1392660166846397,0.0024447158922926843
raw,2023/24,log_value_now,1445,-0.03331234810336729,-0.05773951303192564,-0.011853354602046569
raw,2024/25,flag_under,1394,0.12907104241060227,0.015747663509698216,0.25949667448154096
raw,2024/25,flag_over,1394,-0.06974031873719039,-0.13913605245078478,-0.004152538774350619
raw,2024/25,log_value_now,1394,-0.0631773723908196,-0.09003249172488541,-0.037984194775202415
