variant,season,flag,n,mean,ci95
adjusted,2021,in range,1148,-0.20541173278495348,0.02929691182694394
adjusted,2021,overvalued,229,-0.2158268948449116,0.056583824463727436
adjusted,2021,undervalued,178,-0.06183982757748431,0.07730771142316943
adjusted,2022,in range,1203,-0.18090328758238924,0.026674374273367916
adjusted,2022,overvalued,178,-0.1569625537599602,0.062366197402889526
adjusted,2022,undervalued,129,-0.07631253989387253,0.10183547282172115
adjusted,2023,in range,1227,-0.17302972645925155,0.027129956757893956
adjusted,2023,overvalued,136,-0.237556440411861,0.07395741873084513
adjusted,2023,undervalued,82,-0.10513460721976482,0.12322307475889382
adjusted,2024,in range,1141,-0.14614476409138724,0.028199316223733954
adjusted,2024,overvalued,138,-0.15717357250532804,0.07671490201453615
adjusted,2024,undervalued,115,-0.053102004196661855,0.10301986742849485
raw,2021,in range,1143,-0.2042362482971961,0.029187839688800305
raw,2021,overvalued,237,-0.22092433118650204,0.05760918132770533
raw,2021,undervalued,175,-0.059676680974328045,0.07850762859789912
raw,2022,in range,1196,-0.18009592482963735,0.02717318364966031
raw,2022,overvalued,222,-0.15075325993433783,0.05417251208285893
raw,2022,undervalued,92,-0.07117779756008094,0.12176809347157846
raw,2023,in range,1192,-0.16756565623848038,0.027266428616773277
raw,2023,overvalued,194,-0.24685425652939724,0.06749379215912851
raw,2023,undervalued,59,-0.09505423814514882,0.15338956580620644
raw,2024,in range,1130,-0.14285774870311027,0.02846933954784816
raw,2024,overvalued,183,-0.17429638400430852,0.06315406206930918
raw,2024,undervalued,81,-0.015090926041001896,0.13370264292572678
