variant,scope,group,n_flagged,mean_flagged,mean_control,excess,ci_low,ci_high
adjusted,pooled,undervalued,504,-0.07059439529710039,-0.230466455545282,0.1598720602481816,0.1160250874417617,0.2023131744376937
adjusted,pooled,overvalued,681,-0.19289474653525118,-0.1183224380779598,-0.07457230845729139,-0.10562138997456454,-0.041888934524847536
adjusted,2021/22,undervalued,178,-0.0618398275774843,-0.23781817454910728,0.17597834697162296,0.10731950828916985,0.2432198203105709
adjusted,2021/22,overvalued,229,-0.2158268948449116,-0.1545810477120981,-0.0612458471328135,-0.1095509679788296,-0.013400553643382012
adjusted,2022/23,undervalued,129,-0.07631253989387254,-0.24139431042889448,0.16508177053502196,0.07417658720849185,0.2635475495537268
adjusted,2022/23,overvalued,178,-0.1569625537599602,-0.1205509309722947,-0.036411622787665514,-0.08631275449050614,0.017507241245231505
adjusted,2023/24,undervalued,82,-0.10513460721976482,-0.20446664876907292,0.0993320415493081,0.0014164556021213567,0.20698779900930514
adjusted,2023/24,overvalued,136,-0.237556440411861,-0.14608524031724152,-0.0914712000946195,-0.1538837406293552,-0.030291728606732824
adjusted,2024/25,undervalued,115,-0.053102004196661855,-0.2253680633103449,0.17226605911368306,0.08679221905271535,0.26579649987527243
adjusted,2024/25,overvalued,138,-0.157173572505328,-0.027919289918890144,-0.12925428258643787,-0.19745604423610671,-0.05982469342957248
raw,pooled,undervalued,407,-0.058531551857296776,-0.22904628591935755,0.17051473406206083,0.12090365408104911,0.21862058442823443
raw,pooled,overvalued,836,-0.19810078257908556,-0.11130315622613338,-0.08679762635295217,-0.11452169389589902,-0.05993356101903671
raw,2021/22,undervalued,175,-0.05967668097432803,-0.23584316140912814,0.1761664804348001,0.10712184232155562,0.2520978105190443
raw,2021/22,overvalued,237,-0.22092433118650204,-0.15646036544678218,-0.06446396573971985,-0.11419584731956141,-0.017311125411357604
raw,2022/23,undervalued,92,-0.07117779756008094,-0.2309783670837085,0.15980056952362756,0.0497406356858634,0.2751031430883001
raw,2022/23,overvalued,222,-0.15075325993433783,-0.10586426383726086,-0.044888996097076986,-0.09305142601668571,0.001603518558412543
raw,2023/24,undervalued,59,-0.09505423814514882,-0.20950499685026058,0.11445075870511176,-0.014657297601889252,0.23948672495488232
raw,2023/24,overvalued,194,-0.24685425652939724,-0.1398804278390326,-0.10697382869036466,-0.16631117355799022,-0.047391551370638545
raw,2024/25,undervalued,81,-0.015090926041001896,-0.22640099428042657,0.21131006823942466,0.10287229296529274,0.33470208403043517
raw,2024/25,overvalued,183,-0.17429638400430852,-0.029123838368939288,-0.14517254563536927,-0.20048434102471535,-0.07899706733528221
