model,valid_season,n_train,n_valid,rmse_log,r2_log,mae_eur,median_ape,within_25,within_50,mean_bias,train_rmse_log
baseline_median,2021/22,17127,1979,1.1577487032309843,0.07969385890324132,9217504.772026932,0.6666666666666664,0.17433046993431026,0.3461344113188479,-0.42250416069322455,1.116355018765652
baseline_median,2022/23,19106,2006,1.164202130388468,0.08984084983493801,9878550.754353285,0.6666666666666663,0.16600199401794616,0.3404785643070788,-0.44237793229416095,1.1186603161153341
baseline_median,2023/24,21112,1953,1.1604530796615753,0.07521992372505848,10605906.23144788,0.6666666666666664,0.16538658474142345,0.3399897593445981,-0.4455384798855949,1.1209958331378227
baseline_median,2024/25,23065,1865,1.1862243115671516,0.07150466116658594,11404308.461862864,0.6800000000000005,0.1554959785522788,0.3163538873994638,-0.47559863815073583,1.1239858962333342
ridge_age_position,2021/22,17127,1979,1.1361584761214902,0.1136983879964455,9157329.475858932,0.6663317307287324,0.16776149570490145,0.3602829711975745,-0.36655102943762286,1.1188502614961724
ridge_age_position,2022/23,19106,2006,1.1473079494126184,0.11606452121942457,9825375.487739237,0.6686099372158223,0.16301096709870389,0.35692921236291125,-0.38640650947865746,1.1195075496764224
ridge_age_position,2023/24,21112,1953,1.136753237551706,0.11260762365273802,10517987.697653852,0.6574752090760688,0.16589861751152074,0.3655913978494624,-0.3880222300483397,1.1211352754827995
ridge_age_position,2024/25,23065,1865,1.1515600344493206,0.12497743101525605,11276123.050114824,0.6721547649509686,0.1554959785522788,0.3319034852546917,-0.4064315042137416,1.1217019751927915
ridge,2021/22,17127,1979,0.5526184560146807,0.7903212186469575,5087552.321734236,0.3558702682864095,0.35421930267812024,0.6654876200101061,-0.013045979708646625,0.5815497777392572
ridge,2022/23,19106,2006,0.562079970107878,0.7878432866127195,5666218.618923616,0.34028207460888704,0.3654037886340977,0.6979062811565304,-0.08102682115670345,0.5780186412767458
ridge,2023/24,21112,1953,0.5551419986536151,0.7883630651135302,6061483.992418411,0.3376628289595383,0.3686635944700461,0.6927803379416283,-0.0696091289352594,0.5761199019578409
ridge,2024/25,23065,1865,0.5524871752754775,0.7985856128328159,6010625.865941907,0.3568131771635255,0.36193029490616624,0.6718498659517427,-0.04110212329091731,0.5747978302904222
xgb,2021/22,17127,1979,0.492442713452297,0.8334996522258834,4020001.389073,0.30719234502123344,0.415866599292572,0.7281455280444669,-0.023592296064632798,0.37611929567852365
xgb,2022/23,19106,2006,0.5215912280048566,0.8173073320398554,4613743.8898267355,0.3178211840115095,0.40279162512462613,0.7333000997008973,-0.08664029367490005,0.38269645934726965
xgb,2023/24,21112,1953,0.5098366013118506,0.8214970842271248,4645032.313852281,0.2993652329211615,0.42345110087045573,0.7434715821812596,-0.08210698639719403,0.3879669277795524
xgb,2024/25,23065,1865,0.48595550827476675,0.8441742933599303,4796317.455374023,0.30162460363791044,0.42037533512064346,0.749597855227882,-0.07394505532567706,0.394668923287493
xgb_player_only,2021/22,17127,1979,0.8072133439475221,0.5526160715529934,6790688.893571673,0.5018604670834023,0.24355735219807984,0.49722081859525014,-0.2853381537390373,0.7061438333408965
xgb_player_only,2022/23,19106,2006,0.8467496856290683,0.5185284295071466,7523324.109114696,0.5147443916426192,0.24277168494516452,0.4905284147557328,-0.32859605224224614,0.7131139391197246
xgb_player_only,2023/24,21112,1953,0.8321347914623902,0.5244779564010194,7989459.236263953,0.4960047907414597,0.23655913978494625,0.5058883768561188,-0.32421522058199437,0.7195509331188403
xgb_player_only,2024/25,23065,1865,0.8430722371103619,0.5309969548315676,8367071.735833883,0.5025344644583096,0.24235924932975872,0.49812332439678286,-0.33683223840512816,0.7279598796381465
